<edmx:Edmx
    xmlns:edmx="http://schemas.microsoft.com/ado/2007/06/edmx"
    xmlns:m="http://schemas.microsoft.com/ado/2007/08/dataservices/metadata"
    xmlns:sap="http://www.sap.com/Protocols/SAPData" Version="1.0">
    <edmx:DataServices m:DataServiceVersion="2.0">
        <Schema
            xmlns="http://schemas.microsoft.com/ado/2008/09/edm" Namespace="ZHCM_TIMESHEET_SRV" xml:lang="it" sap:schema-version="1">
            <EntityType Name="COMMESSE" sap:content-version="1">
                <Key>
                    <PropertyRef Name="Mandt"/>
                    <PropertyRef Name="IdCommessa"/>
                </Key>
                <Property Name="Mandt" Type="Edm.String" Nullable="false" MaxLength="3" sap:unicode="false" sap:label="Mandante" sap:creatable="false" sap:updatable="false" sap:sortable="false" sap:filterable="false"/>
                <Property Name="Tipologia" Type="Edm.String" Nullable="false" MaxLength="15" sap:unicode="false" sap:label="char15"/>
                <Property Name="IdCommessa" Type="Edm.String" Nullable="false" MaxLength="30" sap:unicode="false" sap:label="30 caratteri"/>
                <Property Name="Descrizione" Type="Edm.String" Nullable="false" MaxLength="100" sap:unicode="false" sap:label="Campo carattere a 100 posizioni"/>
                <Property Name="DataInizio" Type="Edm.DateTime" Nullable="false" Precision="7" sap:unicode="false" sap:label="Data" sap:creatable="false" sap:updatable="false" sap:sortable="false" sap:filterable="false"/>
                <Property Name="DataFine" Type="Edm.DateTime" Nullable="false" Precision="7" sap:unicode="false" sap:label="Data" sap:creatable="false" sap:updatable="false" sap:sortable="false" sap:filterable="false"/>
                <Property Name="Tariffa" Type="Edm.Decimal" Nullable="false" Precision="14" Scale="3" sap:unicode="false" sap:label="Importo" sap:creatable="false" sap:updatable="false" sap:sortable="false" sap:filterable="false"/>
            </EntityType>
            <EntityType Name="TMS_HEAD_APP" sap:content-version="1">
                <Key>
                    <PropertyRef Name="Cid"/>
                    <PropertyRef Name="Anno"/>
                    <PropertyRef Name="Mese"/>
                </Key>
                <Property Name="Cid" Type="Edm.String" Nullable="false" MaxLength="8" sap:unicode="false" sap:label="C.I.D."/>
                <Property Name="NomeCognome" Type="Edm.String" Nullable="false" MaxLength="100" sap:unicode="false" sap:label="Campo carattere a 100 posizioni"/>
                <Property Name="Anno" Type="Edm.String" Nullable="false" MaxLength="4" sap:unicode="false" sap:label="Area non def. in dett., utilizz. event. per livello Patch"/>
                <Property Name="Mese" Type="Edm.String" Nullable="false" MaxLength="2" sap:unicode="false" sap:label="Componente del numero versione"/>
                <Property Name="Stato" Type="Edm.String" Nullable="false" MaxLength="2" sap:unicode="false" sap:label="Stato del Timesheet" sap:creatable="false" sap:updatable="false" sap:sortable="false" sap:filterable="false"/>
                <Property Name="DescrizioneStato" Type="Edm.String" Nullable="false" MaxLength="100" sap:unicode="false" sap:label="Campo carattere a 100 posizioni" sap:creatable="false" sap:updatable="false" sap:sortable="false" sap:filterable="false"/>
                <Property Name="DataCreazione" Type="Edm.DateTime" Nullable="false" Precision="7" sap:unicode="false" sap:label="Data" sap:creatable="false" sap:updatable="false" sap:sortable="false" sap:filterable="false"/>
                <Property Name="OraCreazione" Type="Edm.String" Nullable="false" MaxLength="6" sap:unicode="false" sap:label="Data/ora" sap:creatable="false" sap:updatable="false" sap:sortable="false" sap:filterable="false"/>
                <Property Name="DataUltimaMod" Type="Edm.DateTime" Nullable="false" Precision="7" sap:unicode="false" sap:label="Data" sap:creatable="false" sap:updatable="false" sap:sortable="false" sap:filterable="false"/>
                <Property Name="OraUltimaMod" Type="Edm.String" Nullable="false" MaxLength="6" sap:unicode="false" sap:label="Data/ora" sap:creatable="false" sap:updatable="false" sap:sortable="false" sap:filterable="false"/>
                <Property Name="Uname" Type="Edm.String" Nullable="false" MaxLength="12" sap:unicode="false" sap:label="Nome utente" sap:creatable="false" sap:updatable="false" sap:sortable="false" sap:filterable="false"/>
                <NavigationProperty Name="TMS_POSSet" Relationship="ZHCM_TIMESHEET_SRV.APPROVAZIONE_TMS" FromRole="FromRole_APPROVAZIONE_TMS" ToRole="ToRole_APPROVAZIONE_TMS"/>
            </EntityType>
            <EntityType Name="DIPENDENTI" sap:content-version="1">
                <Key>
                    <PropertyRef Name="Cid"/>
                </Key>
                <Property Name="Cid" Type="Edm.String" Nullable="false" MaxLength="8" sap:unicode="false" sap:label="C.I.D." sap:creatable="false" sap:updatable="false" sap:sortable="false" sap:filterable="false"/>
                <Property Name="Nome" Type="Edm.String" Nullable="false" MaxLength="30" sap:unicode="false" sap:label="Nome 1" sap:creatable="false" sap:updatable="false" sap:sortable="false" sap:filterable="false"/>
                <Property Name="Cognome" Type="Edm.String" Nullable="false" MaxLength="35" sap:unicode="false" sap:label="Cognome" sap:creatable="false" sap:updatable="false" sap:sortable="false" sap:filterable="false"/>
                <Property Name="DataNascita" Type="Edm.String" Nullable="false" MaxLength="10" sap:unicode="false" sap:label="Data nascita" sap:creatable="false" sap:updatable="false" sap:sortable="false" sap:filterable="false"/>
                <Property Name="LuogoNascita" Type="Edm.String" Nullable="false" MaxLength="25" sap:unicode="false" sap:label="L.go nasc." sap:creatable="false" sap:updatable="false" sap:sortable="false" sap:filterable="false"/>
                <Property Name="IndirizzoRes" Type="Edm.String" Nullable="false" MaxLength="30" sap:unicode="false" sap:label="Via/n. civico" sap:creatable="false" sap:updatable="false" sap:sortable="false" sap:filterable="false"/>
                <Property Name="ComuneRes" Type="Edm.String" Nullable="false" MaxLength="25" sap:unicode="false" sap:label="Località" sap:creatable="false" sap:updatable="false" sap:sortable="false" sap:filterable="false"/>
                <Property Name="CapRes" Type="Edm.String" Nullable="false" MaxLength="10" sap:unicode="false" sap:label="CAP" sap:creatable="false" sap:updatable="false" sap:sortable="false" sap:filterable="false"/>
                <Property Name="PaeseRes" Type="Edm.String" Nullable="false" MaxLength="3" sap:unicode="false" sap:label="Paese" sap:creatable="false" sap:updatable="false" sap:sortable="false" sap:filterable="false"/>
                <Property Name="DataAssun" Type="Edm.DateTime" Nullable="false" Precision="7" sap:unicode="false" sap:label="Data" sap:creatable="false" sap:updatable="false" sap:sortable="false" sap:filterable="false"/>
                <Property Name="LivelloDip" Type="Edm.String" Nullable="false" MaxLength="5" sap:unicode="false" sap:label="Livello Contratturale del Dipendente" sap:creatable="false" sap:updatable="false" sap:sortable="false" sap:filterable="false"/>
            </EntityType>
            <EntityType Name="TMS_HEAD" sap:content-version="1">
                <Key>
                    <PropertyRef Name="Mandt"/>
                    <PropertyRef Name="Cid"/>
                    <PropertyRef Name="Anno"/>
                    <PropertyRef Name="Mese"/>
                </Key>
                <Property Name="Mandt" Type="Edm.String" Nullable="false" MaxLength="3" sap:unicode="false" sap:label="Mandante"/>
                <Property Name="Cid" Type="Edm.String" Nullable="false" MaxLength="8" sap:unicode="false" sap:label="C.I.D."/>
                <Property Name="Anno" Type="Edm.String" Nullable="false" MaxLength="4" sap:unicode="false" sap:label="Area non def. in dett., utilizz. event. per livello Patch"/>
                <Property Name="Mese" Type="Edm.String" Nullable="false" MaxLength="2" sap:unicode="false" sap:label="Componente del numero versione"/>
                <Property Name="Stato" Type="Edm.String" Nullable="false" MaxLength="2" sap:unicode="false" sap:label="Stato del Timesheet"/>
                <Property Name="DataCreazione" Type="Edm.DateTime" Nullable="false" Precision="7" sap:unicode="false" sap:label="Data" sap:creatable="false" sap:updatable="false" sap:sortable="false" sap:filterable="false"/>
                <Property Name="OraCreazione" Type="Edm.String" Nullable="false" MaxLength="6" sap:unicode="false" sap:label="Data/ora" sap:creatable="false" sap:updatable="false" sap:sortable="false" sap:filterable="false"/>
                <Property Name="DataUltimaMod" Type="Edm.DateTime" Nullable="false" Precision="7" sap:unicode="false" sap:label="Data" sap:creatable="false" sap:updatable="false" sap:sortable="false" sap:filterable="false"/>
                <Property Name="OraUltimaMod" Type="Edm.String" Nullable="false" MaxLength="6" sap:unicode="false" sap:label="Data/ora" sap:creatable="false" sap:updatable="false" sap:sortable="false" sap:filterable="false"/>
                <NavigationProperty Name="TMS_POSSet" Relationship="ZHCM_TIMESHEET_SRV.TMS_HEAD_TMS_POS" FromRole="FromRole_TMS_HEAD_TMS_POS" ToRole="ToRole_TMS_HEAD_TMS_POS"/>
            </EntityType>
            <EntityType Name="TMS_POS" sap:content-version="1">
                <Key>
                    <PropertyRef Name="Giorno"/>
                    <PropertyRef Name="Tipologia"/>
                    <PropertyRef Name="Mandt"/>
                    <PropertyRef Name="Cid"/>
                    <PropertyRef Name="Anno"/>
                    <PropertyRef Name="Mese"/>
                    <PropertyRef Name="IdCommessa"/>
                </Key>
                <Property Name="DescrizioneGiorno" Type="Edm.String" Nullable="false" MaxLength="100" sap:unicode="false" sap:label="Campo carattere a 100 posizioni"/>
                <Property Name="Giorno" Type="Edm.String" Nullable="false" MaxLength="2" sap:unicode="false" sap:label="Componente del numero versione"/>
                <Property Name="Tipologia" Type="Edm.String" Nullable="false" MaxLength="30" sap:unicode="false" sap:label="Testo"/>
                <Property Name="Mandt" Type="Edm.String" Nullable="false" MaxLength="3" sap:unicode="false" sap:label="Mandante"/>
                <Property Name="Cid" Type="Edm.String" Nullable="false" MaxLength="8" sap:unicode="false" sap:label="C.I.D."/>
                <Property Name="Anno" Type="Edm.String" Nullable="false" MaxLength="4" sap:unicode="false" sap:label="Area non def. in dett., utilizz. event. per livello Patch" sap:sortable="false"/>
                <Property Name="Mese" Type="Edm.String" Nullable="false" MaxLength="2" sap:unicode="false" sap:label="Componente del numero versione"/>
                <Property Name="IdCommessa" Type="Edm.String" Nullable="false" MaxLength="30" sap:unicode="false" sap:label="30 caratteri"/>
                <Property Name="Descrizione" Type="Edm.String" Nullable="false" MaxLength="70" sap:unicode="false" sap:label="Descrizione della commessa"/>
                <Property Name="Effort" Type="Edm.String" Nullable="false" MaxLength="9" sap:unicode="false" sap:label="Effort"/>
                <NavigationProperty Name="TMS_HEAD" Relationship="ZHCM_TIMESHEET_SRV.TMS_HEAD_TMS_POS" FromRole="ToRole_TMS_HEAD_TMS_POS" ToRole="FromRole_TMS_HEAD_TMS_POS"/>
                <NavigationProperty Name="TMS_HEAD_APP" Relationship="ZHCM_TIMESHEET_SRV.APPROVAZIONE_TMS" FromRole="ToRole_APPROVAZIONE_TMS" ToRole="FromRole_APPROVAZIONE_TMS"/>
            </EntityType>
            <EntityType Name="TMS_POS_AGGR" sap:content-version="1">
                <Key>
                    <PropertyRef Name="Cid"/>
                    <PropertyRef Name="Anno"/>
                    <PropertyRef Name="Mese"/>
                    <PropertyRef Name="IdCommessa"/>
                </Key>
                <Property Name="Cid" Type="Edm.String" Nullable="false" MaxLength="8" sap:unicode="false" sap:label="C.I.D."/>
                <Property Name="Anno" Type="Edm.String" Nullable="false" MaxLength="4" sap:unicode="false" sap:label="Area non def. in dett., utilizz. event. per livello Patch"/>
                <Property Name="Mese" Type="Edm.String" Nullable="false" MaxLength="2" sap:unicode="false" sap:label="Componente del numero versione"/>
                <Property Name="IdCommessa" Type="Edm.String" Nullable="false" MaxLength="30" sap:unicode="false" sap:label="30 caratteri"/>
                <Property Name="Descrizione" Type="Edm.String" Nullable="false" MaxLength="70" sap:unicode="false" sap:label="char70"/>
                <Property Name="Tipologia" Type="Edm.String" Nullable="false" MaxLength="30" sap:unicode="false" sap:label="Testo"/>
                <Property Name="Effort" Type="Edm.String" Nullable="false" MaxLength="20" sap:unicode="false" sap:label="Char20"/>
                <Property Name="PercentualeTot" Type="Edm.String" Nullable="false" MaxLength="50" sap:unicode="false" sap:label="c"/>
            </EntityType>
            <Association Name="APPROVAZIONE_TMS" sap:content-version="1">
                <End Type="ZHCM_TIMESHEET_SRV.TMS_HEAD_APP" Multiplicity="1" Role="FromRole_APPROVAZIONE_TMS"/>
                <End Type="ZHCM_TIMESHEET_SRV.TMS_POS" Multiplicity="*" Role="ToRole_APPROVAZIONE_TMS"/>
                <ReferentialConstraint>
                    <Principal Role="FromRole_APPROVAZIONE_TMS">
                        <PropertyRef Name="Cid"/>
                        <PropertyRef Name="Anno"/>
                        <PropertyRef Name="Mese"/>
                    </Principal>
                    <Dependent Role="ToRole_APPROVAZIONE_TMS">
                        <PropertyRef Name="Cid"/>
                        <PropertyRef Name="Anno"/>
                        <PropertyRef Name="Mese"/>
                    </Dependent>
                </ReferentialConstraint>
            </Association>
            <Association Name="TMS_HEAD_TMS_POS" sap:content-version="1">
                <End Type="ZHCM_TIMESHEET_SRV.TMS_HEAD" Multiplicity="1" Role="FromRole_TMS_HEAD_TMS_POS"/>
                <End Type="ZHCM_TIMESHEET_SRV.TMS_POS" Multiplicity="*" Role="ToRole_TMS_HEAD_TMS_POS"/>
                <ReferentialConstraint>
                    <Principal Role="FromRole_TMS_HEAD_TMS_POS">
                        <PropertyRef Name="Mandt"/>
                        <PropertyRef Name="Cid"/>
                        <PropertyRef Name="Anno"/>
                        <PropertyRef Name="Mese"/>
                    </Principal>
                    <Dependent Role="ToRole_TMS_HEAD_TMS_POS">
                        <PropertyRef Name="Mandt"/>
                        <PropertyRef Name="Cid"/>
                        <PropertyRef Name="Anno"/>
                        <PropertyRef Name="Mese"/>
                    </Dependent>
                </ReferentialConstraint>
            </Association>
            <EntityContainer Name="ZHCM_TIMESHEET_SRV_Entities" m:IsDefaultEntityContainer="true" sap:supported-formats="atom json xlsx">
                <EntitySet Name="COMMESSE" EntityType="ZHCM_TIMESHEET_SRV.COMMESSE" sap:label="COMMESSE" sap:searchable="true" sap:pageable="false" sap:requires-filter="true" sap:content-version="1"/>
                <EntitySet Name="TMS_HEAD_APP" EntityType="ZHCM_TIMESHEET_SRV.TMS_HEAD_APP" sap:label="TMS_HEAD_APP" sap:searchable="true" sap:pageable="false" sap:requires-filter="true" sap:content-version="1"/>
                <EntitySet Name="DIPENDENTI" EntityType="ZHCM_TIMESHEET_SRV.DIPENDENTI" sap:label="DIPENDENTI" sap:searchable="true" sap:pageable="false" sap:requires-filter="true" sap:content-version="1"/>
                <EntitySet Name="TMS_HEAD" EntityType="ZHCM_TIMESHEET_SRV.TMS_HEAD" sap:label="TMS_HEAD" sap:searchable="true" sap:pageable="false" sap:requires-filter="true" sap:content-version="1"/>
                <EntitySet Name="TMS_POS" EntityType="ZHCM_TIMESHEET_SRV.TMS_POS" sap:label="TMS_POS" sap:searchable="true" sap:pageable="false" sap:requires-filter="true" sap:content-version="1"/>
                <EntitySet Name="TMS_POS_AGGR" EntityType="ZHCM_TIMESHEET_SRV.TMS_POS_AGGR" sap:label="TMS_POS_AGGR" sap:searchable="true" sap:pageable="false" sap:requires-filter="true" sap:content-version="1"/>
                <AssociationSet Name="TMS_HEAD_TMS_POSSet" Association="ZHCM_TIMESHEET_SRV.TMS_HEAD_TMS_POS" sap:creatable="false" sap:updatable="false" sap:deletable="false" sap:content-version="1">
                    <End EntitySet="TMS_HEAD" Role="FromRole_TMS_HEAD_TMS_POS"/>
                    <End EntitySet="TMS_POS" Role="ToRole_TMS_HEAD_TMS_POS"/>
                </AssociationSet>
                <AssociationSet Name="APPROVAZIONE_TMSSet" Association="ZHCM_TIMESHEET_SRV.APPROVAZIONE_TMS" sap:creatable="false" sap:updatable="false" sap:deletable="false" sap:content-version="1">
                    <End EntitySet="TMS_HEAD_APP" Role="FromRole_APPROVAZIONE_TMS"/>
                    <End EntitySet="TMS_POS" Role="ToRole_APPROVAZIONE_TMS"/>
                </AssociationSet>
            </EntityContainer>
            <atom:link
                xmlns:atom="http://www.w3.org/2005/Atom" rel="self" href="./sap/ZHCM_TIMESHEET_SRV/$metadata"/>
                <atom:link
                    xmlns:atom="http://www.w3.org/2005/Atom" rel="latest-version" href="./sap/ZHCM_TIMESHEET_SRV/$metadata"/>
                </Schema>
            </edmx:DataServices>
        </edmx:Edmx>